Exchange,market-price,Timestamp
Others,0,2009-01-02 23:00:00
Others,0,2009-01-05 23:00:00
Others,0,2009-01-08 23:00:00
Others,0,2009-01-11 23:00:00
Others,0,2009-01-14 23:00:00
Others,0,2009-01-17 23:00:00
Others,0,2009-01-20 23:00:00
Others,0,2009-01-23 23:00:00
Others,0,2009-01-26 23:00:00
Others,0,2009-01-29 23:00:00
Others,0,2009-02-01 23:00:00
Others,0,2009-02-04 23:00:00
Others,0,2009-02-07 23:00:00
Others,0,2009-02-10 23:00:00
Others,0,2009-02-13 23:00:00
Others,0,2009-02-16 23:00:00
Others,0,2009-02-19 23:00:00
Others,0,2009-02-22 23:00:00
Others,0,2009-02-25 23:00:00
Others,0,2009-02-28 23:00:00
Others,0,2009-03-03 23:00:00
Others,0,2009-03-06 23:00:00
Others,0,2009-03-10 0:00:00
Others,0,2009-03-13 0:00:00
Others,0,2009-03-16 0:00:00
Others,0,2009-03-19 0:00:00
Others,0,2009-03-22 0:00:00
Others,0,2009-03-25 0:00:00
Others,0,2009-03-28 0:00:00
Others,0,2009-03-31 0:00:00
Others,0,2009-04-03 0:00:00
Others,0,2009-04-06 0:00:00
Others,0,2009-04-09 0:00:00
Others,0,2009-04-12 0:00:00
Others,0,2009-04-15 0:00:00
Others,0,2009-04-18 0:00:00
Others,0,2009-04-21 0:00:00
Others,0,2009-04-24 0:00:00
Others,0,2009-04-27 0:00:00
Others,0,2009-04-30 0:00:00
Others,0,2009-05-03 0:00:00
Others,0,2009-05-06 0:00:00
Others,0,2009-05-09 0:00:00
Others,0,2009-05-12 0:00:00
Others,0,2009-05-15 0:00:00
Others,0,2009-05-18 0:00:00
Others,0,2009-05-21 0:00:00
Others,0,2009-05-24 0:00:00
Others,0,2009-05-27 0:00:00
Others,0,2009-05-30 0:00:00
Others,0,2009-06-02 0:00:00
Others,0,2009-06-05 0:00:00
Others,0,2009-06-08 0:00:00
Others,0,2009-06-11 0:00:00
Others,0,2009-06-14 0:00:00
Others,0,2009-06-17 0:00:00
Others,0,2009-06-20 0:00:00
Others,0,2009-06-23 0:00:00
Others,0,2009-06-26 0:00:00
Others,0,2009-06-29 0:00:00
Others,0,2009-07-02 0:00:00
Others,0,2009-07-05 0:00:00
Others,0,2009-07-08 0:00:00
Others,0,2009-07-11 0:00:00
Others,0,2009-07-14 0:00:00
Others,0,2009-07-17 0:00:00
Others,0,2009-07-20 0:00:00
Others,0,2009-07-23 0:00:00
Others,0,2009-07-26 0:00:00
Others,0,2009-07-29 0:00:00
Others,0,2009-08-01 0:00:00
Others,0,2009-08-04 0:00:00
Others,0,2009-08-07 0:00:00
Others,0,2009-08-10 0:00:00
Others,0,2009-08-13 0:00:00
Others,0,2009-08-16 0:00:00
Others,0,2009-08-19 0:00:00
Others,0,2009-08-22 0:00:00
Others,0,2009-08-25 0:00:00
Others,0,2009-08-28 0:00:00
Others,0,2009-08-31 0:00:00
Others,0,2009-09-03 0:00:00
Others,0,2009-09-06 0:00:00
Others,0,2009-09-09 0:00:00
Others,0,2009-09-12 0:00:00
Others,0,2009-09-15 0:00:00
Others,0,2009-09-18 0:00:00
Others,0,2009-09-21 0:00:00
Others,0,2009-09-24 0:00:00
Others,0,2009-09-27 0:00:00
Others,0,2009-09-30 0:00:00
Others,0,2009-10-03 0:00:00
Others,0,2009-10-06 0:00:00
Others,0,2009-10-09 0:00:00
Others,0,2009-10-12 0:00:00
Others,0,2009-10-15 0:00:00
Others,0,2009-10-18 0:00:00
Others,0,2009-10-21 0:00:00
Others,0,2009-10-24 0:00:00
Others,0,2009-10-27 0:00:00
Others,0,2009-10-30 0:00:00
Others,0,2009-11-01 23:00:00
Others,0,2009-11-04 23:00:00
Others,0,2009-11-07 23:00:00
Others,0,2009-11-10 23:00:00
Others,0,2009-11-13 23:00:00
Others,0,2009-11-16 23:00:00
Others,0,2009-11-19 23:00:00
Others,0,2009-11-22 23:00:00
Others,0,2009-11-25 23:00:00
Others,0,2009-11-28 23:00:00
Others,0,2009-12-01 23:00:00
Others,0,2009-12-04 23:00:00
Others,0,2009-12-07 23:00:00
Others,0,2009-12-10 23:00:00
Others,0,2009-12-13 23:00:00
Others,0,2009-12-16 23:00:00
Others,0,2009-12-19 23:00:00
Others,0,2009-12-22 23:00:00
Others,0,2009-12-25 23:00:00
Others,0,2009-12-28 23:00:00
Others,0,2009-12-31 23:00:00
Others,0,2010-01-03 23:00:00
Others,0,2010-01-06 23:00:00
Others,0,2010-01-09 23:00:00
Others,0,2010-01-12 23:00:00
Others,0,2010-01-15 23:00:00
Others,0,2010-01-18 23:00:00
Others,0,2010-01-21 23:00:00
Others,0,2010-01-24 23:00:00
Others,0,2010-01-27 23:00:00
Others,0,2010-01-30 23:00:00
Others,0,2010-02-02 23:00:00
Others,0,2010-02-05 23:00:00
Others,0,2010-02-08 23:00:00
Others,0,2010-02-11 23:00:00
Others,0,2010-02-14 23:00:00
Others,0,2010-02-17 23:00:00
Others,0,2010-02-20 23:00:00
Others,0,2010-02-23 23:00:00
Others,0,2010-02-26 23:00:00
Others,0,2010-03-01 23:00:00
Others,0,2010-03-04 23:00:00
Others,0,2010-03-07 23:00:00
Others,0,2010-03-10 23:00:00
Others,0,2010-03-13 23:00:00
Others,0,2010-03-17 0:00:00
Others,0,2010-03-20 0:00:00
Others,0,2010-03-23 0:00:00
Others,0,2010-03-26 0:00:00
Others,0,2010-03-29 0:00:00
Others,0,2010-04-01 0:00:00
Others,0,2010-04-04 0:00:00
Others,0,2010-04-07 0:00:00
Others,0,2010-04-10 0:00:00
Others,0,2010-04-13 0:00:00
Others,0,2010-04-16 0:00:00
Others,0,2010-04-19 0:00:00
Others,0,2010-04-22 0:00:00
Others,0,2010-04-25 0:00:00
Others,0,2010-04-28 0:00:00
Others,0,2010-05-01 0:00:00
Others,0,2010-05-04 0:00:00
Others,0,2010-05-07 0:00:00
Others,0,2010-05-10 0:00:00
Others,0,2010-05-13 0:00:00
Others,0,2010-05-16 0:00:00
Others,0,2010-05-19 0:00:00
Others,0,2010-05-22 0:00:00
Others,0,2010-05-25 0:00:00
Others,0,2010-05-28 0:00:00
Others,0,2010-05-31 0:00:00
Others,0,2010-06-03 0:00:00
Others,0,2010-06-06 0:00:00
Others,0,2010-06-09 0:00:00
Others,0,2010-06-12 0:00:00
Others,0,2010-06-15 0:00:00
Others,0,2010-06-18 0:00:00
Others,0,2010-06-21 0:00:00
Others,0,2010-06-24 0:00:00
Others,0,2010-06-27 0:00:00
Others,0,2010-06-30 0:00:00
Others,0,2010-07-03 0:00:00
Others,0,2010-07-06 0:00:00
Others,0,2010-07-09 0:00:00
Others,0,2010-07-12 0:00:00
Others,0,2010-07-15 0:00:00
Others,0,2010-07-18 0:00:00
Others,0,2010-07-21 0:00:00
Others,0,2010-07-24 0:00:00
Others,0,2010-07-27 0:00:00
Others,0,2010-07-30 0:00:00
Others,0,2010-08-02 0:00:00
Others,0,2010-08-05 0:00:00
Others,0,2010-08-08 0:00:00
Others,0,2010-08-11 0:00:00
Others,0,2010-08-14 0:00:00
Others,0,2010-08-17 0:00:00
Others,0.07,2010-08-20 0:00:00
Others,0.07,2010-08-23 0:00:00
Others,0.07,2010-08-26 0:00:00
Others,0.06,2010-08-29 0:00:00
Others,0.06,2010-09-01 0:00:00
Others,0.06,2010-09-04 0:00:00
Others,0.06,2010-09-07 0:00:00
Others,0.06,2010-09-10 0:00:00
Others,0.06,2010-09-13 0:00:00
Others,0.15,2010-09-16 0:00:00
Others,0.06,2010-09-19 0:00:00
Others,0.06,2010-09-22 0:00:00
Others,0.06,2010-09-25 0:00:00
Others,0.06,2010-09-28 0:00:00
Others,0.06,2010-10-01 0:00:00
Others,0.06,2010-10-04 0:00:00
Others,0.06,2010-10-07 0:00:00
Others,0.12,2010-10-10 0:00:00
Others,0.1,2010-10-13 0:00:00
Others,0.12,2010-10-16 0:00:00
Others,0.1,2010-10-19 0:00:00
Others,0.11,2010-10-22 0:00:00
Others,0.18,2010-10-25 0:00:00
Others,0.19,2010-10-28 0:00:00
Others,0.19,2010-10-31 0:00:00
Others,0.21,2010-11-03 0:00:00
Others,0.25,2010-11-06 0:00:00
Others,0.36,2010-11-08 23:00:00
Others,0.24,2010-11-11 23:00:00
Others,0.3,2010-11-14 23:00:00
Others,0.28,2010-11-17 23:00:00
Others,0.29,2010-11-20 23:00:00
Others,0.29,2010-11-23 23:00:00
Others,0.29,2010-11-26 23:00:00
Others,0.28,2010-11-29 23:00:00
Others,0.25,2010-12-02 23:00:00
Others,0.23,2010-12-05 23:00:00
Others,0.25,2010-12-08 23:00:00
Others,0.23,2010-12-11 23:00:00
Others,0.23,2010-12-14 23:00:00
Others,0.25,2010-12-17 23:00:00
Others,0.27,2010-12-20 23:00:00
Others,0.25,2010-12-23 23:00:00
Others,0.27,2010-12-26 23:00:00
Others,0.3,2010-12-29 23:00:00
Others,0.3,2011-01-01 23:00:00
Others,0.3,2011-01-04 23:00:00
Others,0.32,2011-01-07 23:00:00
Others,0.33,2011-01-10 23:00:00
Others,0.42,2011-01-13 23:00:00
Others,0.4,2011-01-16 23:00:00
Others,0.35,2011-01-19 23:00:00
Others,0.43,2011-01-22 23:00:00
Others,0.43,2011-01-25 23:00:00
Others,0.45,2011-01-28 23:00:00
Others,0.61,2011-01-31 23:00:00
Others,0.78,2011-02-03 23:00:00
Others,0.92,2011-02-06 23:00:00
Others,0.97,2011-02-09 23:00:00
Others,1.09,2011-02-12 23:00:00
Others,1.08,2011-02-15 23:00:00
Others,1.04,2011-02-18 23:00:00
Others,0.88,2011-02-21 23:00:00
Others,0.96,2011-02-24 23:00:00
Others,0.96,2011-02-27 23:00:00
Others,0.95,2011-03-02 23:00:00
Others,0.92,2011-03-05 23:00:00
Others,0.9,2011-03-08 23:00:00
Others,0.93,2011-03-11 23:00:00
Others,0.9,2011-03-15 0:00:00
Others,0.87,2011-03-18 0:00:00
Others,0.79,2011-03-21 0:00:00
Others,0.86,2011-03-24 0:00:00
Others,0.9,2011-03-27 0:00:00
Others,0.8,2011-03-30 0:00:00
Others,0.8,2011-04-02 0:00:00
Others,0.77,2011-04-05 0:00:00
Others,0.78,2011-04-08 0:00:00
Others,0.76,2011-04-11 0:00:00
Others,0.99,2011-04-14 0:00:00
Others,1.09,2011-04-17 0:00:00
Others,1.19,2011-04-20 0:00:00
Others,1.38,2011-04-23 0:00:00
Others,1.71,2011-04-26 0:00:00
Others,2.66,2011-04-29 0:00:00
Others,3.95,2011-05-02 0:00:00
Others,3.56,2011-05-05 0:00:00
Others,3.75,2011-05-08 0:00:00
Others,5.41,2011-05-11 0:00:00
Others,8.56,2011-05-14 0:00:00
Others,8.47,2011-05-17 0:00:00
Others,7.28,2011-05-20 0:00:00
Others,6.81,2011-05-23 0:00:00
Others,7.95,2011-05-26 0:00:00
Others,8.68,2011-05-29 0:00:00
Others,9.47,2011-06-01 0:00:00
Others,15.05,2011-06-04 0:00:00
Others,19.19,2011-06-07 0:00:00
Others,32.34,2011-06-10 0:00:00
Others,24.87,2011-06-13 0:00:00
Others,19.99,2011-06-16 0:00:00
Others,17.6,2011-06-19 0:00:00
Others,15.39,2011-06-22 0:00:00
Others,16.95,2011-06-25 0:00:00
Others,17.89,2011-06-28 0:00:00
Others,17.38,2011-07-01 0:00:00
Others,15.74,2011-07-04 0:00:00
Others,16.44,2011-07-07 0:00:00
Others,15.16,2011-07-10 0:00:00
Others,14.52,2011-07-13 0:00:00
Others,14.25,2011-07-16 0:00:00
Others,13.93,2011-07-19 0:00:00
Others,13.94,2011-07-22 0:00:00
Others,14.16,2011-07-25 0:00:00
Others,14.1,2011-07-28 0:00:00
Others,14.06,2011-07-31 0:00:00
Others,13.37,2011-08-03 0:00:00
Others,11.42,2011-08-06 0:00:00
Others,9.66,2011-08-09 0:00:00
Others,10.35,2011-08-12 0:00:00
Others,11.4,2011-08-15 0:00:00
Others,11.39,2011-08-18 0:00:00
Others,11.75,2011-08-21 0:00:00
Others,11.47,2011-08-24 0:00:00
Others,10.01,2011-08-27 0:00:00
Others,9.4,2011-08-30 0:00:00
Others,8.46,2011-09-02 0:00:00
Others,8.56,2011-09-05 0:00:00
Others,7.53,2011-09-08 0:00:00
Others,6.49,2011-09-11 0:00:00
Others,6.19,2011-09-14 0:00:00
Others,5.18,2011-09-17 0:00:00
Others,5.89,2011-09-20 0:00:00
Others,5.8,2011-09-23 0:00:00
Others,5.49,2011-09-26 0:00:00
Others,4.95,2011-09-29 0:00:00
Others,5.27,2011-10-02 0:00:00
Others,5.03,2011-10-05 0:00:00
Others,4.79,2011-10-08 0:00:00
Others,4.23,2011-10-11 0:00:00
Others,4.37,2011-10-14 0:00:00
Others,3.87,2011-10-17 0:00:00
Others,2.59,2011-10-20 0:00:00
Others,3.31,2011-10-23 0:00:00
Others,3,2011-10-26 0:00:00
Others,3.39,2011-10-29 0:00:00
Others,3.38,2011-11-01 0:00:00
Others,3.28,2011-11-04 0:00:00
Others,3.04,2011-11-06 23:00:00
Others,3.09,2011-11-09 23:00:00
Others,3.11,2011-11-12 23:00:00
Others,2.67,2011-11-15 23:00:00
Others,2.37,2011-11-18 23:00:00
Others,2.3,2011-11-21 23:00:00
Others,2.48,2011-11-24 23:00:00
Others,2.51,2011-11-27 23:00:00
Others,3,2011-11-30 23:00:00
Others,3.1,2011-12-03 23:00:00
Others,3.06,2011-12-06 23:00:00
Others,3.04,2011-12-09 23:00:00
Others,3.33,2011-12-12 23:00:00
Others,3.2,2011-12-15 23:00:00
Others,3.36,2011-12-18 23:00:00
Others,4.08,2011-12-21 23:00:00
Others,4.06,2011-12-24 23:00:00
Others,4.09,2011-12-27 23:00:00
Others,4.47,2011-12-30 23:00:00
Others,5.45,2012-01-02 23:00:00
Others,6.6,2012-01-05 23:00:00
Others,7.2,2012-01-08 23:00:00
Others,7.1,2012-01-11 23:00:00
Others,6.81,2012-01-14 23:00:00
Others,6.97,2012-01-17 23:00:00
Others,6.57,2012-01-20 23:00:00
Others,6.47,2012-01-23 23:00:00
Others,6.08,2012-01-26 23:00:00
Others,5.72,2012-01-29 23:00:00
Others,5.77,2012-02-01 23:00:00
Others,5.99,2012-02-04 23:00:00
Others,5.74,2012-02-07 23:00:00
Others,5.94,2012-02-10 23:00:00
Others,5.69,2012-02-13 23:00:00
Others,4.74,2012-02-16 23:00:00
Others,4.38,2012-02-19 23:00:00
Others,4.63,2012-02-22 23:00:00
Others,5.05,2012-02-25 23:00:00
Others,4.98,2012-02-28 23:00:00
Others,4.94,2012-03-02 23:00:00
Others,5.04,2012-03-05 23:00:00
Others,4.99,2012-03-08 23:00:00
Others,4.98,2012-03-12 0:00:00
Others,5.45,2012-03-15 0:00:00
Others,5.4,2012-03-18 0:00:00
Others,4.95,2012-03-21 0:00:00
Others,4.81,2012-03-24 0:00:00
Others,4.74,2012-03-27 0:00:00
Others,4.85,2012-03-30 0:00:00
Others,4.97,2012-04-02 0:00:00
Others,4.96,2012-04-05 0:00:00
Others,4.94,2012-04-08 0:00:00
Others,4.9,2012-04-11 0:00:00
Others,4.97,2012-04-14 0:00:00
Others,4.99,2012-04-17 0:00:00
Others,5.19,2012-04-20 0:00:00
Others,5.3,2012-04-23 0:00:00
Others,5.16,2012-04-26 0:00:00
Others,5.09,2012-04-29 0:00:00
Others,5.04,2012-05-02 0:00:00
Others,5.15,2012-05-05 0:00:00
Others,5.1,2012-05-08 0:00:00
Others,5.1,2012-05-11 0:00:00
Others,5.01,2012-05-14 0:00:00
Others,5.1,2012-05-17 0:00:00
Others,5.14,2012-05-20 0:00:00
Others,5.13,2012-05-23 0:00:00
Others,5.15,2012-05-26 0:00:00
Others,5.16,2012-05-29 0:00:00
Others,5.21,2012-06-01 0:00:00
Others,5.27,2012-06-04 0:00:00
Others,5.48,2012-06-07 0:00:00
Others,5.68,2012-06-10 0:00:00
Others,5.76,2012-06-13 0:00:00
Others,6.27,2012-06-16 0:00:00
Others,6.48,2012-06-19 0:00:00
Others,6.8,2012-06-22 0:00:00
Others,6.56,2012-06-25 0:00:00
Others,6.58,2012-06-28 0:00:00
Others,6.69,2012-07-01 0:00:00
Others,6.71,2012-07-04 0:00:00
Others,6.74,2012-07-07 0:00:00
Others,6.98,2012-07-10 0:00:00
Others,7.46,2012-07-13 0:00:00
Others,7.8,2012-07-16 0:00:00
Others,9.37,2012-07-19 0:00:00
Others,9.53,2012-07-22 0:00:00
Others,8.91,2012-07-25 0:00:00
Others,8.95,2012-07-28 0:00:00
Others,9.22,2012-07-31 0:00:00
Others,10.12,2012-08-03 0:00:00
Others,11.21,2012-08-06 0:00:00
Others,11.35,2012-08-09 0:00:00
Others,11.64,2012-08-12 0:00:00
Others,12.3,2012-08-15 0:00:00
Others,15.37,2012-08-18 0:00:00
Others,10.45,2012-08-21 0:00:00
Others,10.25,2012-08-24 0:00:00
Others,10.99,2012-08-27 0:00:00
Others,11.14,2012-08-30 0:00:00
Others,10.36,2012-09-02 0:00:00
Others,10.59,2012-09-05 0:00:00
Others,11.27,2012-09-08 0:00:00
Others,11.14,2012-09-11 0:00:00
Others,11.48,2012-09-14 0:00:00
Others,11.98,2012-09-17 0:00:00
Others,12.63,2012-09-20 0:00:00
Others,12.4,2012-09-23 0:00:00
Others,12.24,2012-09-26 0:00:00
Others,12.46,2012-09-29 0:00:00
Others,12.58,2012-10-02 0:00:00
Others,13.07,2012-10-05 0:00:00
Others,12.58,2012-10-08 0:00:00
Others,12.16,2012-10-11 0:00:00
Others,12.1,2012-10-14 0:00:00
Others,11.99,2012-10-17 0:00:00
Others,11.94,2012-10-20 0:00:00
Others,11.86,2012-10-23 0:00:00
Others,11.56,2012-10-26 0:00:00
Others,10.69,2012-10-29 0:00:00
Others,11.17,2012-11-01 0:00:00
Others,10.62,2012-11-04 0:00:00
Others,10.97,2012-11-06 23:00:00
Others,11.04,2012-11-09 23:00:00
Others,11.17,2012-11-12 23:00:00
Others,11.28,2012-11-15 23:00:00
Others,11.82,2012-11-18 23:00:00
Others,11.9,2012-11-21 23:00:00
Others,12.46,2012-11-24 23:00:00
Others,12.5,2012-11-27 23:00:00
Others,12.66,2012-11-30 23:00:00
Others,12.75,2012-12-03 23:00:00
Others,13.69,2012-12-06 23:00:00
Others,13.53,2012-12-09 23:00:00
Others,13.8,2012-12-12 23:00:00
Others,13.75,2012-12-15 23:00:00
Others,13.4,2012-12-18 23:00:00
Others,13.63,2012-12-21 23:00:00
Others,13.45,2012-12-24 23:00:00
Others,13.51,2012-12-27 23:00:00
Others,13.57,2012-12-30 23:00:00
Others,13.42,2013-01-02 23:00:00
Others,13.54,2013-01-05 23:00:00
Others,13.84,2013-01-08 23:00:00
Others,14.31,2013-01-11 23:00:00
Others,14.34,2013-01-14 23:00:00
Others,15.53,2013-01-17 23:00:00
Others,16.15,2013-01-20 23:00:00
Others,17.97,2013-01-23 23:00:00
Others,17.71,2013-01-26 23:00:00
Others,19.78,2013-01-29 23:00:00
Others,21.25,2013-02-01 23:00:00
Others,20.99,2013-02-04 23:00:00
Others,22.15,2013-02-07 23:00:00
Others,23.97,2013-02-10 23:00:00
Others,24.3,2013-02-13 23:00:00
Others,27.39,2013-02-16 23:00:00
Others,29.48,2013-02-19 23:00:00
Others,30.52,2013-02-22 23:00:00
Others,30.4,2013-02-25 23:00:00
Others,33.36,2013-02-28 23:00:00
Others,34.25,2013-03-03 23:00:00
Others,42,2013-03-06 23:00:00
Others,46.93,2013-03-09 23:00:00
Others,44.32,2013-03-13 0:00:00
Others,46.9,2013-03-16 0:00:00
Others,52.12,2013-03-19 0:00:00
Others,70.25,2013-03-22 0:00:00
Others,71.93,2013-03-25 0:00:00
Others,88.8,2013-03-28 0:00:00
Others,92.5,2013-03-31 0:00:00
Others,117.34,2013-04-03 0:00:00
Others,142.1,2013-04-06 0:00:00
Others,186.96,2013-04-09 0:00:00
Others,124.9,2013-04-12 0:00:00
Others,100,2013-04-15 0:00:00
Others,93.9,2013-04-18 0:00:00
Others,127.5,2013-04-21 0:00:00
Others,142.5,2013-04-24 0:00:00
Others,137,2013-04-27 0:00:00
Others,144.54,2013-04-30 0:00:00
Others,103.3,2013-05-03 0:00:00
Others,115.98,2013-05-06 0:00:00
Others,113.35,2013-05-09 0:00:00
Others,115.68,2013-05-12 0:00:00
Others,112,2013-05-15 0:00:00
Others,123.32,2013-05-18 0:00:00
Others,122.02,2013-05-21 0:00:00
Others,126.7,2013-05-24 0:00:00
Others,133.5,2013-05-27 0:00:00
Others,132.3,2013-05-30 0:00:00
Others,129.3,2013-06-02 0:00:00
Others,121.42,2013-06-05 0:00:00
Others,111.5,2013-06-08 0:00:00
Others,106.1,2013-06-11 0:00:00
Others,103.9,2013-06-14 0:00:00
Others,99.9,2013-06-17 0:00:00
Others,107.68,2013-06-20 0:00:00
Others,108.35,2013-06-23 0:00:00
Others,103.89,2013-06-26 0:00:00
Others,94.65,2013-06-29 0:00:00
Others,87,2013-07-02 0:00:00
Others,80.04,2013-07-05 0:00:00
Others,75,2013-07-08 0:00:00
Others,87.9,2013-07-11 0:00:00
Others,98,2013-07-14 0:00:00
Others,97.05,2013-07-17 0:00:00
Others,92,2013-07-20 0:00:00
Others,91.99,2013-07-23 0:00:00
Others,97,2013-07-26 0:00:00
Others,98.7,2013-07-29 0:00:00
Others,106.2,2013-08-01 0:00:00
Others,104.95,2013-08-04 0:00:00
Others,106.56,2013-08-07 0:00:00
Others,102.8,2013-08-10 0:00:00
Others,106.64,2013-08-13 0:00:00
Others,98.08,2013-08-16 0:00:00
Others,99.3,2013-08-19 0:00:00
Others,110.43,2013-08-22 0:00:00
Others,109.04,2013-08-25 0:00:00
Others,117.72,2013-08-28 0:00:00
Others,124.84,2013-08-31 0:00:00
Others,130.09,2013-09-03 0:00:00
Others,122.63,2013-09-06 0:00:00
Others,118.18,2013-09-09 0:00:00
Others,126.54,2013-09-12 0:00:00
Others,124.05,2013-09-15 0:00:00
Others,139.15,2013-09-18 0:00:00
Others,123.04,2013-09-21 0:00:00
Others,122.65,2013-09-24 0:00:00
Others,124.65,2013-09-27 0:00:00
Others,127.01,2013-09-30 0:00:00
Others,103.85,2013-10-03 0:00:00
Others,121.2,2013-10-06 0:00:00
Others,124.12,2013-10-09 0:00:00
Others,127.41,2013-10-12 0:00:00
Others,135.17,2013-10-15 0:00:00
Others,143.94,2013-10-18 0:00:00
Others,186.12,2013-10-21 0:00:00
Others,203.7,2013-10-24 0:00:00
Others,179.56,2013-10-27 0:00:00
Others,216,2013-10-30 0:00:00
Others,203,2013-11-02 0:00:00
Others,229.95,2013-11-04 23:00:00
Others,291.02,2013-11-07 23:00:00
Others,328,2013-11-10 23:00:00
Others,393,2013-11-13 23:00:00
Others,437.24,2013-11-16 23:00:00
Others,547,2013-11-19 23:00:00
Others,795,2013-11-22 23:00:00
Others,814.56,2013-11-25 23:00:00
Others,1014.1,2013-11-28 23:00:00
Others,955.01,2013-12-01 23:00:00
Others,1136.9,2013-12-04 23:00:00
Others,705.91,2013-12-07 23:00:00
Others,978.76,2013-12-10 23:00:00
Others,885,2013-12-13 23:00:00
Others,690,2013-12-16 23:00:00
Others,685.3,2013-12-19 23:00:00
Others,614.11,2013-12-22 23:00:00
Others,679.02,2013-12-25 23:00:00
Others,715,2013-12-28 23:00:00
Others,732,2013-12-31 23:00:00
Others,807.39,2014-01-03 23:00:00
Others,915.69,2014-01-06 23:00:00
Others,826.28,2014-01-09 23:00:00
Others,844.04,2014-01-12 23:00:00
Others,841.83,2014-01-15 23:00:00
Others,811.2,2014-01-18 23:00:00
Others,824.78,2014-01-21 23:00:00
Others,780.02,2014-01-24 23:00:00
Others,747.57,2014-01-27 23:00:00
Others,800,2014-01-30 23:00:00
Others,814.34,2014-02-02 23:00:00
Others,781,2014-02-05 23:00:00
Others,680.8,2014-02-08 23:00:00
Others,675.1,2014-02-11 23:00:00
Others,670.29,2014-02-14 23:00:00
Others,629.96,2014-02-17 23:00:00
Others,563,2014-02-20 23:00:00
Others,611.05,2014-02-23 23:00:00
Others,585.21,2014-02-26 23:00:00
Others,567.48,2014-03-01 23:00:00
Others,673.28,2014-03-04 23:00:00
Others,631.99,2014-03-07 23:00:00
Others,629.33,2014-03-11 0:00:00
Others,641.01,2014-03-14 0:00:00
Others,634.99,2014-03-17 0:00:00
Others,611.2,2014-03-20 0:00:00
Others,563.01,2014-03-23 0:00:00
Others,585.79,2014-03-26 0:00:00
Others,499.6,2014-03-29 0:00:00
Others,457.49,2014-04-01 0:00:00
Others,448.72,2014-04-04 0:00:00
Others,458,2014-04-07 0:00:00
Others,441.93,2014-04-10 0:00:00
Others,423.37,2014-04-13 0:00:00
Others,523,2014-04-16 0:00:00
Others,482.11,2014-04-19 0:00:00
Others,498.38,2014-04-22 0:00:00
Others,502.15,2014-04-25 0:00:00
Others,438.8,2014-04-28 0:00:00
Others,452.03,2014-05-01 0:00:00
Others,440,2014-05-04 0:00:00
Others,428.01,2014-05-07 0:00:00
Others,449,2014-05-10 0:00:00
Others,442.45,2014-05-13 0:00:00
Others,446.53,2014-05-16 0:00:00
Others,446.89,2014-05-19 0:00:00
Others,493.97,2014-05-22 0:00:00
Others,527.91,2014-05-25 0:00:00
Others,572.7,2014-05-28 0:00:00
Others,621.3,2014-05-31 0:00:00
Others,662,2014-06-03 0:00:00
Others,661.48,2014-06-06 0:00:00
Others,657.11,2014-06-09 0:00:00
Others,624.97,2014-06-12 0:00:00
Others,572.28,2014-06-15 0:00:00
Others,608,2014-06-18 0:00:00
Others,593.48,2014-06-21 0:00:00
Others,588.25,2014-06-24 0:00:00
Others,577.34,2014-06-27 0:00:00
Others,599.99,2014-06-30 0:00:00
Others,650.49,2014-07-03 0:00:00
Others,631,2014-07-06 0:00:00
Others,624.97,2014-07-09 0:00:00
Others,634,2014-07-12 0:00:00
Others,621.21,2014-07-15 0:00:00
Others,625.8,2014-07-18 0:00:00
Others,627,2014-07-21 0:00:00
Others,620.43,2014-07-24 0:00:00
Others,595.9,2014-07-27 0:00:00
Others,585.5,2014-07-30 0:00:00
Others,595.76,2014-08-02 0:00:00
Others,588.5,2014-08-05 0:00:00
Others,585.02,2014-08-08 0:00:00
Others,590.74,2014-08-11 0:00:00
Others,549.98,2014-08-14 0:00:00
Others,523.88,2014-08-17 0:00:00
Others,490,2014-08-20 0:00:00
Others,515.69,2014-08-23 0:00:00
Others,501.55,2014-08-26 0:00:00
Others,506.61,2014-08-29 0:00:00
Others,478.87,2014-09-01 0:00:00
Others,474.5,2014-09-04 0:00:00
Others,479.59,2014-09-07 0:00:00
Others,473.35,2014-09-10 0:00:00
Others,474.62,2014-09-13 0:00:00
Others,470.83,2014-09-16 0:00:00
Others,425.56,2014-09-19 0:00:00
Others,401.15,2014-09-22 0:00:00
Others,423.68,2014-09-25 0:00:00
Others,400.39,2014-09-28 0:00:00
Others,390.18,2014-10-01 0:00:00
Others,358.9,2014-10-04 0:00:00
Others,327.61,2014-10-07 0:00:00
Others,363.61,2014-10-10 0:00:00
Others,380.8,2014-10-13 0:00:00
Others,394.84,2014-10-16 0:00:00
Others,391,2014-10-19 0:00:00
Others,385.89,2014-10-22 0:00:00
Others,358.49,2014-10-25 0:00:00
Others,350.9,2014-10-28 0:00:00
Others,345.3,2014-10-31 0:00:00
Others,324.36,2014-11-02 23:00:00
Others,338.63,2014-11-05 23:00:00
Others,346.94,2014-11-08 23:00:00
Others,369.41,2014-11-11 23:00:00
Others,399.11,2014-11-14 23:00:00
Others,388.87,2014-11-17 23:00:00
Others,356.47,2014-11-20 23:00:00
Others,367.12,2014-11-23 23:00:00
Others,366.86,2014-11-26 23:00:00
Others,375.59,2014-11-29 23:00:00
Others,379.62,2014-12-02 23:00:00
Others,376,2014-12-05 23:00:00
Others,362.99,2014-12-08 23:00:00
Others,348.97,2014-12-11 23:00:00
Others,357.8,2014-12-14 23:00:00
Others,321.34,2014-12-17 23:00:00
Others,331.52,2014-12-20 23:00:00
Others,336.95,2014-12-23 23:00:00
Others,329.94,2014-12-26 23:00:00
Others,313.4,2014-12-29 23:00:00
Others,314.81,2015-01-01 23:00:00
Others,263.17,2015-01-04 23:00:00
Others,297.99,2015-01-07 23:00:00
Others,275.97,2015-01-10 23:00:00
Others,222,2015-01-13 23:00:00
Others,208.13,2015-01-16 23:00:00
Others,216.01,2015-01-19 23:00:00
Others,233.51,2015-01-22 23:00:00
Others,254.32,2015-01-25 23:00:00
Others,236.2,2015-01-28 23:00:00
Others,219.25,2015-01-31 23:00:00
Others,227.53,2015-02-03 23:00:00
Others,222.36,2015-02-06 23:00:00
Others,219.93,2015-02-09 23:00:00
Others,222.33,2015-02-12 23:00:00
Others,234.18,2015-02-15 23:00:00
Others,237.44,2015-02-18 23:00:00
Others,245.41,2015-02-21 23:00:00
Others,239.94,2015-02-24 23:00:00
Others,252.11,2015-02-27 23:00:00
Others,275.87,2015-03-02 23:00:00
Others,273.11,2015-03-05 23:00:00
Others,275,2015-03-09 0:00:00
Others,296.56,2015-03-12 0:00:00
Others,282.2,2015-03-15 0:00:00
Others,284.48,2015-03-18 0:00:00
Others,262.1,2015-03-21 0:00:00
Others,265.99,2015-03-24 0:00:00
Others,249.23,2015-03-27 0:00:00
Others,242.34,2015-03-30 0:00:00
Others,246.49,2015-04-02 0:00:00
Others,253.67,2015-04-05 0:00:00
Others,253.9,2015-04-08 0:00:00
Others,236,2015-04-11 0:00:00
Others,223.01,2015-04-14 0:00:00
Others,227.5,2015-04-17 0:00:00
Others,222.61,2015-04-20 0:00:00
Others,233.59,2015-04-23 0:00:00
Others,226.29,2015-04-26 0:00:00
Others,225.2,2015-04-29 0:00:00
Others,230.97,2015-05-02 0:00:00
Others,238.25,2015-05-05 0:00:00
Others,237.16,2015-05-08 0:00:00
Others,239.11,2015-05-11 0:00:00
Others,235.97,2015-05-14 0:00:00
Others,236.63,2015-05-17 0:00:00
Others,231.4,2015-05-20 0:00:00
Others,238.8,2015-05-23 0:00:00
Others,235.59,2015-05-26 0:00:00
Others,236.44,2015-05-29 0:00:00
Others,228.34,2015-06-01 0:00:00
Others,225.4,2015-06-04 0:00:00
Others,224.99,2015-06-07 0:00:00
Others,228.88,2015-06-10 0:00:00
Others,229.6,2015-06-13 0:00:00
Others,236,2015-06-16 0:00:00
Others,248.26,2015-06-19 0:00:00
Others,243.55,2015-06-22 0:00:00
Others,240.2,2015-06-25 0:00:00
Others,251.21,2015-06-28 0:00:00
Others,262.43,2015-07-01 0:00:00
Others,256.12,2015-07-04 0:00:00
Others,268.53,2015-07-07 0:00:00
Others,269,2015-07-10 0:00:00
Others,310.55,2015-07-13 0:00:00
Others,285.66,2015-07-16 0:00:00
Others,276.74,2015-07-19 0:00:00
Others,276.76,2015-07-22 0:00:00
Others,289,2015-07-25 0:00:00
Others,293.93,2015-07-28 0:00:00
Others,288.45,2015-07-31 0:00:00
Others,282.26,2015-08-03 0:00:00
Others,281,2015-08-06 0:00:00
Others,262.22,2015-08-09 0:00:00
Others,270.98,2015-08-12 0:00:00
Others,265.93,2015-08-15 0:00:00
Others,256.66,2015-08-18 0:00:00
Others,235.31,2015-08-21 0:00:00
Others,228.14,2015-08-24 0:00:00
Others,225.04,2015-08-27 0:00:00
Others,229.63,2015-08-30 0:00:00
Others,227.97,2015-09-02 0:00:00
Others,230.73,2015-09-05 0:00:00
Others,240.47,2015-09-08 0:00:00
Others,238.81,2015-09-11 0:00:00
Others,230,2015-09-14 0:00:00
Others,228.33,2015-09-17 0:00:00
Others,230.25,2015-09-20 0:00:00
Others,230.42,2015-09-23 0:00:00
Others,235.22,2015-09-26 0:00:00
Others,239.14,2015-09-29 0:00:00
Others,238.03,2015-10-02 0:00:00
Others,238.4,2015-10-05 0:00:00
Others,243.01,2015-10-08 0:00:00
Others,245.72,2015-10-11 0:00:00
Others,249.98,2015-10-14 0:00:00
Others,262.26,2015-10-17 0:00:00
Others,263.59,2015-10-20 0:00:00
Others,274.35,2015-10-23 0:00:00
Others,282.8,2015-10-26 0:00:00
Others,304.79,2015-10-29 0:00:00
Others,310.18,2015-11-01 0:00:00
Others,404.5,2015-11-03 23:00:00
Others,373.69,2015-11-06 23:00:00
Others,380.62,2015-11-09 23:00:00
Others,340.81,2015-11-12 23:00:00
Others,318.97,2015-11-15 23:00:00
Others,333.66,2015-11-18 23:00:00
Others,326.31,2015-11-21 23:00:00
Others,319.64,2015-11-24 23:00:00
Others,358,2015-11-27 23:00:00
Others,377.27,2015-11-30 23:00:00
Others,361.47,2015-12-03 23:00:00
Others,387.3,2015-12-06 23:00:00
Others,416.49,2015-12-09 23:00:00
Others,436.2,2015-12-12 23:00:00
Others,463.98,2015-12-15 23:00:00
Others,463,2015-12-18 23:00:00
Others,438.35,2015-12-21 23:00:00
Others,456,2015-12-24 23:00:00
Others,422.42,2015-12-27 23:00:00
Others,428.23,2015-12-30 23:00:00
Others,432.76,2016-01-02 23:00:00
Others,432.43,2016-01-05 23:00:00
Others,452.64,2016-01-08 23:00:00
Others,447.98,2016-01-11 23:00:00
Others,429.55,2016-01-14 23:00:00
Others,380.16,2016-01-17 23:00:00
Others,420.35,2016-01-20 23:00:00
Others,385.09,2016-01-23 23:00:00
Others,391.66,2016-01-26 23:00:00
Others,378.18,2016-01-29 23:00:00
Others,371.99,2016-02-01 23:00:00
Others,388,2016-02-04 23:00:00
Others,375,2016-02-07 23:00:00
Others,379.14,2016-02-10 23:00:00
Others,389.88,2016-02-13 23:00:00
Others,407,2016-02-16 23:00:00
Others,419.98,2016-02-19 23:00:00
Others,436.76,2016-02-22 23:00:00
Others,423.46,2016-02-25 23:00:00
Others,431.89,2016-02-28 23:00:00
Others,422.5,2016-03-02 23:00:00
Others,399.17,2016-03-05 23:00:00
Others,412.15,2016-03-08 23:00:00
Others,420.11,2016-03-11 23:00:00
Others,414.99,2016-03-15 0:00:00
Others,418.49,2016-03-18 0:00:00
Others,411.81,2016-03-21 0:00:00
Others,417.96,2016-03-24 0:00:00
Others,416.96,2016-03-27 0:00:00
Others,415.83,2016-03-30 0:00:00
Others,416.31,2016-04-02 0:00:00
Others,419.71,2016-04-05 0:00:00
Others,419.95,2016-04-08 0:00:00
Others,420.75,2016-04-11 0:00:00
Others,423.87,2016-04-14 0:00:00
Others,430.58,2016-04-17 0:00:00
Others,435.95,2016-04-20 0:00:00
Others,447.7,2016-04-23 0:00:00
Others,462.5,2016-04-26 0:00:00
Others,449.98,2016-04-29 0:00:00
Others,453,2016-05-02 0:00:00
Others,446.84,2016-05-05 0:00:00
Others,459.02,2016-05-08 0:00:00
Others,450.78,2016-05-11 0:00:00
Others,455.82,2016-05-14 0:00:00
Others,454,2016-05-17 0:00:00
Others,436.05,2016-05-20 0:00:00
Others,438.47,2016-05-23 0:00:00
Others,448.7,2016-05-26 0:00:00
Others,526.64,2016-05-29 0:00:00
Others,531.97,2016-06-01 0:00:00
Others,567.88,2016-06-04 0:00:00
Others,583.72,2016-06-07 0:00:00
Others,574.32,2016-06-10 0:00:00
Others,665.85,2016-06-13 0:00:00
Others,693.88,2016-06-16 0:00:00
Others,751.96,2016-06-19 0:00:00
Others,664.46,2016-06-22 0:00:00
Others,665,2016-06-25 0:00:00
Others,651.85,2016-06-28 0:00:00
Others,667.95,2016-07-01 0:00:00
Others,656.97,2016-07-04 0:00:00
Others,673.76,2016-07-07 0:00:00
Others,647.41,2016-07-10 0:00:00
Others,664.5,2016-07-13 0:00:00
Others,663.19,2016-07-16 0:00:00
Others,673.46,2016-07-19 0:00:00
Others,664,2016-07-22 0:00:00
Others,661.48,2016-07-25 0:00:00
Others,655.37,2016-07-28 0:00:00
Others,654.68,2016-07-31 0:00:00
Others,530.74,2016-08-03 0:00:00
Others,572.72,2016-08-06 0:00:00
Others,591.69,2016-08-09 0:00:00
Others,586.01,2016-08-12 0:00:00
Others,567.34,2016-08-15 0:00:00
Others,570.92,2016-08-18 0:00:00
Others,577.52,2016-08-21 0:00:00
Others,581.98,2016-08-24 0:00:00
Others,577.77,2016-08-27 0:00:00
Others,571.5,2016-08-30 0:00:00
Others,571,2016-09-02 0:00:00
Others,603.95,2016-09-05 0:00:00
Others,615.33,2016-09-08 0:00:00
Others,621.65,2016-09-11 0:00:00
Others,608.82,2016-09-14 0:00:00
Others,607.04,2016-09-17 0:00:00
Others,608.66,2016-09-20 0:00:00
Others,594.08,2016-09-23 0:00:00
Others,598.98,2016-09-26 0:00:00
Others,603.85,2016-09-29 0:00:00
Others,612.98,2016-10-02 0:00:00
Others,607.18,2016-10-05 0:00:00
Others,614.74,2016-10-08 0:00:00
Others,614.77,2016-10-11 0:00:00
Others,634.02,2016-10-14 0:00:00
Others,638.97,2016-10-17 0:00:00
Others,627.72,2016-10-20 0:00:00
Others,653.25,2016-10-23 0:00:00
Others,651.45,2016-10-26 0:00:00
Others,685.91,2016-10-29 0:00:00
Others,697.01,2016-11-01 0:00:00
Others,683.69,2016-11-04 0:00:00
Others,709.96,2016-11-06 23:00:00
Others,721.5,2016-11-09 23:00:00
Others,702.28,2016-11-12 23:00:00
Others,711.73,2016-11-15 23:00:00
Others,748.98,2016-11-18 23:00:00
Others,736.97,2016-11-21 23:00:00
Others,735.64,2016-11-24 23:00:00
Others,727.31,2016-11-27 23:00:00
Others,742.05,2016-11-30 23:00:00
Others,762.97,2016-12-03 23:00:00
Others,758.99,2016-12-06 23:00:00
Others,769.08,2016-12-09 23:00:00
Others,777.99,2016-12-12 23:00:00
Others,775.88,2016-12-15 23:00:00
Others,788.67,2016-12-18 23:00:00
Others,834.97,2016-12-21 23:00:00
Others,892.6,2016-12-24 23:00:00
Others,930.34,2016-12-27 23:00:00
Others,958.12,2016-12-30 23:00:00
Others,1013.42,2017-01-02 23:00:00
Others,999.65,2017-01-05 23:00:00
Others,910.49,2017-01-08 23:00:00
Others,780.92,2017-01-11 23:00:00
Others,819.55,2017-01-14 23:00:00
Others,906.6,2017-01-17 23:00:00
Others,895.64,2017-01-20 23:00:00
Others,919.97,2017-01-23 23:00:00
Others,915.05,2017-01-26 23:00:00
Others,912.19,2017-01-29 23:00:00
Others,983.42,2017-02-01 23:00:00
Others,1034.07,2017-02-04 23:00:00
Others,1052.84,2017-02-07 23:00:00
Others,997.59,2017-02-10 23:00:00
Others,1001.2,2017-02-13 23:00:00
Others,1035.2,2017-02-16 23:00:00
Others,1050.87,2017-02-19 23:00:00
Others,1130.01,2017-02-22 23:00:00
Others,1150.37,2017-02-25 23:00:00
Others,1190.89,2017-02-28 23:00:00
Others,1287,2017-03-03 23:00:00
Others,1279.5,2017-03-06 23:00:00
Others,1192.09,2017-03-09 23:00:00
Others,1227.68,2017-03-13 0:00:00
Others,1257,2017-03-16 0:00:00
Others,967.69,2017-03-19 0:00:00
Others,1113,2017-03-22 0:00:00
Others,927.93,2017-03-25 0:00:00
Others,1041.04,2017-03-28 0:00:00
Others,1034.74,2017-03-31 0:00:00
Others,1079.99,2017-04-03 0:00:00
Others,1133.53,2017-04-06 0:00:00
Others,1184.03,2017-04-09 0:00:00
Others,1219.09,2017-04-12 0:00:00
Others,1170.36,2017-04-15 0:00:00
Others,1176.97,2017-04-18 0:00:00
Others,1236.63,2017-04-21 0:00:00
Others,1240.84,2017-04-24 0:00:00
Others,1288.02,2017-04-27 0:00:00
Others,1333,2017-04-30 0:00:00
Others,1447.55,2017-05-03 0:00:00
Others,1518.75,2017-05-06 0:00:00
Others,1651.1,2017-05-09 0:00:00
Others,1829,2017-05-12 0:00:00
Others,1780,2017-05-15 0:00:00
Others,1783.98,2017-05-18 0:00:00
Others,2008.84,2017-05-21 0:00:00
Others,2256.32,2017-05-24 0:00:00
Others,2279.82,2017-05-27 0:00:00
Others,2290.02,2017-05-30 0:00:00
Others,2409.93,2017-06-02 0:00:00
Others,2529.53,2017-06-05 0:00:00
Others,2683.03,2017-06-08 0:00:00
Others,2898.63,2017-06-11 0:00:00
Others,2706,2017-06-14 0:00:00
Others,2477.94,2017-06-17 0:00:00
Others,2600,2017-06-20 0:00:00
Others,2713.48,2017-06-23 0:00:00
Others,2502.03,2017-06-26 0:00:00
Others,2558.3,2017-06-29 0:00:00
Others,2421.26,2017-07-02 0:00:00
Others,2598.89,2017-07-05 0:00:00
Others,2502.86,2017-07-08 0:00:00
Others,2327.09,2017-07-11 0:00:00
Others,2338.49,2017-07-14 0:00:00
Others,1910.96,2017-07-17 0:00:00
Others,2265.21,2017-07-20 0:00:00
Others,2825.51,2017-07-23 0:00:00
Others,2564.3,2017-07-26 0:00:00
Others,2784.8,2017-07-29 0:00:00
Others,2862.9,2017-08-01 0:00:00
Others,2790,2017-08-04 0:00:00
Others,3210.2,2017-08-07 0:00:00
Others,3340.28,2017-08-10 0:00:00
Others,3868.52,2017-08-13 0:00:00
Others,4179.97,2017-08-16 0:00:00
Others,4104.71,2017-08-19 0:00:00
Others,3986.28,2017-08-22 0:00:00
Others,4331.77,2017-08-25 0:00:00
Others,4339.05,2017-08-28 0:00:00
Others,4582.52,2017-08-31 0:00:00
Others,4585.57,2017-09-03 0:00:00
Others,4385.02,2017-09-06 0:00:00
Others,4312.26,2017-09-09 0:00:00
Others,4198.59,2017-09-12 0:00:00
Others,3216.43,2017-09-15 0:00:00
Others,3678.53,2017-09-18 0:00:00
Others,3894.48,2017-09-21 0:00:00
Others,3777.62,2017-09-24 0:00:00
Others,3881,2017-09-27 0:00:00
Others,4164.27,2017-09-30 0:00:00
Others,4394.07,2017-10-03 0:00:00
Others,4318.58,2017-10-06 0:00:00
Others,4605.66,2017-10-09 0:00:00
Others,4822.17,2017-10-12 0:00:00
Others,5825.99,2017-10-15 0:00:00
Others,5594.66,2017-10-18 0:00:00
Others,5986.44,2017-10-21 0:00:00
Others,5900.59,2017-10-24 0:00:00
Others,5889.82,2017-10-27 0:00:00
Others,6136.49,2017-10-30 0:00:00
Others,6751.98,2017-11-02 0:00:00
Others,7365.99,2017-11-05 0:00:00
Others,7128.64,2017-11-07 23:00:00
Others,6569.22,2017-11-10 23:00:00
Others,6493.63,2017-11-13 23:00:00
Others,7868.77,2017-11-16 23:00:00
Others,8049.72,2017-11-19 23:00:00
Others,8236.72,2017-11-22 23:00:00
Others,8768.8,2017-11-25 23:00:00
Others,9919,2017-11-28 23:00:00
Others,10879.88,2017-12-01 23:00:00
Others,11591.22,2017-12-04 23:00:00
Others,16860.88,2017-12-07 23:00:00
Others,15068.95,2017-12-10 23:00:00
Others,16252.31,2017-12-13 23:00:00
Others,19279.9,2017-12-16 23:00:00
Others,17382.94,2017-12-19 23:00:00
Others,13776.61,2017-12-22 23:00:00
Others,13740.94,2017-12-25 23:00:00
Others,14214.01,2017-12-28 23:00:00
Others,13796,2017-12-31 23:00:00
Others,15039.24,2018-01-03 23:00:00
Others,17155.95,2018-01-06 23:00:00
Others,14437.42,2018-01-09 23:00:00
Others,13791.19,2018-01-12 23:00:00
Others,13554.14,2018-01-15 23:00:00
Others,11174.82,2018-01-18 23:00:00
Others,11513.42,2018-01-21 23:00:00
Others,11392.03,2018-01-24 23:00:00
Others,11431.37,2018-01-27 23:00:00
Others,10082.52,2018-01-30 23:00:00
Others,8852.73,2018-02-02 23:00:00
Others,6925.46,2018-02-05 23:00:00
Others,8245.08,2018-02-08 23:00:00
Others,8068.02,2018-02-11 23:00:00
Others,9471.64,2018-02-14 23:00:00
Others,11085.83,2018-02-17 23:00:00
Others,11245.98,2018-02-20 23:00:00
Others,10171.3,2018-02-23 23:00:00
Others,10319.46,2018-02-26 23:00:00
Others,10931.12,2018-03-01 23:00:00
Others,11516.83,2018-03-04 23:00:00
Others,9920.46,2018-03-07 23:00:00
Others,8777.37,2018-03-10 23:00:00
Others,9153.54,2018-03-14 0:00:00
Others,8297.89,2018-03-17 0:00:00
Others,8605.64,2018-03-20 0:00:00
Others,8725.37,2018-03-23 0:00:00
Others,8457.96,2018-03-26 0:00:00
Others,7950.61,2018-03-29 0:00:00
Others,6937.56,2018-04-01 0:00:00
Others,7426.48,2018-04-04 0:00:00
Others,6634.68,2018-04-07 0:00:00
Others,6784.41,2018-04-10 0:00:00
Others,7941.46,2018-04-13 0:00:00
Others,8368.1,2018-04-16 0:00:00
Others,8175.96,2018-04-19 0:00:00
Others,8930.6,2018-04-22 0:00:00
Others,9658.11,2018-04-25 0:00:00
Others,8928.55,2018-04-28 0:00:00
Others,9239.55,2018-05-01 0:00:00
Others,9753.35,2018-05-04 0:00:00
Others,9631.44,2018-05-07 0:00:00
Others,9310.37,2018-05-10 0:00:00
Others,8463.52,2018-05-13 0:00:00
Others,8471.06,2018-05-16 0:00:00
Others,8239.08,2018-05-19 0:00:00
Others,8396.63,2018-05-22 0:00:00
Others,7576.78,2018-05-25 0:00:00
Others,7344.56,2018-05-28 0:00:00
Others,7386.72,2018-05-31 0:00:00
Others,7637.14,2018-06-03 0:00:00
Others,7619.43,2018-06-06 0:00:00
Others,7615.54,2018-06-09 0:00:00
Others,6879.31,2018-06-12 0:00:00
Others,6637.41,2018-06-15 0:00:00
Others,6445.79,2018-06-18 0:00:00
Others,6760.83,2018-06-21 0:00:00
Others,6170.46,2018-06-24 0:00:00
Others,6097.46,2018-06-27 0:00:00
Others,6223.28,2018-06-30 0:00:00
Others,6626.44,2018-07-03 0:00:00
Others,6555.51,2018-07-06 0:00:00
Others,6724.04,2018-07-09 0:00:00
Others,6403.18,2018-07-12 0:00:00
Others,6248.84,2018-07-15 0:00:00
Others,7321.62,2018-07-18 0:00:00
Others,7334.99,2018-07-21 0:00:00
Others,7715.1,2018-07-24 0:00:00
Others,7939.81,2018-07-27 0:00:00
Others,8220.91,2018-07-30 0:00:00
Others,7607.7,2018-08-02 0:00:00
Others,7011.28,2018-08-05 0:00:00
Others,6718.23,2018-08-08 0:00:00
Others,6138.96,2018-08-11 0:00:00
Others,6252.13,2018-08-14 0:00:00
Others,6312.75,2018-08-17 0:00:00
Others,6486.58,2018-08-20 0:00:00
Others,6354.57,2018-08-23 0:00:00
Others,6738.27,2018-08-26 0:00:00
Others,7078.19,2018-08-29 0:00:00
Others,7018.78,2018-09-01 0:00:00
Others,7265.08,2018-09-04 0:00:00
Others,6501.19,2018-09-07 0:00:00
Others,6240.98,2018-09-10 0:00:00
Others,6326.04,2018-09-13 0:00:00
Others,6522.39,2018-09-16 0:00:00
Others,6342.39,2018-09-19 0:00:00
Others,6756.12,2018-09-22 0:00:00
Others,6583.45,2018-09-25 0:00:00
Others,6686.08,2018-09-28 0:00:00
Others,6611.02,2018-10-01 0:00:00
Others,6483.73,2018-10-04 0:00:00
Others,6573.62,2018-10-07 0:00:00
Others,6626.85,2018-10-10 0:00:00
Others,6247,2018-10-13 0:00:00
Others,6599.17,2018-10-16 0:00:00
Others,6509.61,2018-10-19 0:00:00
Others,6504.78,2018-10-22 0:00:00
Others,6489.77,2018-10-25 0:00:00
Others,6457.21,2018-10-28 0:00:00
Others,6301.61,2018-10-31 0:00:00
Others,6390.42,2018-11-03 0:00:00
Others,6437.76,2018-11-05 23:00:00
Others,6444.97,2018-11-08 23:00:00
Others,6408.53,2018-11-11 23:00:00
Others,5756.77,2018-11-14 23:00:00
Others,5572.44,2018-11-17 23:00:00
Others,4491.98,2018-11-20 23:00:00
Others,4352.98,2018-11-23 23:00:00
Others,3793.35,2018-11-26 23:00:00
Others,4278.77,2018-11-29 23:00:00
Others,4140.6,2018-12-02 23:00:00
Others,3744.98,2018-12-05 23:00:00
Others,3453.66,2018-12-08 23:00:00
Others,3407.28,2018-12-11 23:00:00
Others,3242.42,2018-12-14 23:00:00
Others,3556.54,2018-12-17 23:00:00
Others,4135.19,2018-12-20 23:00:00
Others,3995.17,2018-12-23 23:00:00
Others,3848.21,2018-12-26 23:00:00
Others,3770.36,2018-12-29 23:00:00
Others,3855.88,2019-01-01 23:00:00
Others,3856.62,2019-01-04 23:00:00
Others,4032.25,2019-01-07 23:00:00
Others,3646.25,2019-01-10 23:00:00
Others,3531.96,2019-01-13 23:00:00
Others,3621.43,2019-01-16 23:00:00
Others,3703.98,2019-01-19 23:00:00
Others,3587.35,2019-01-22 23:00:00
Others,3577.79,2019-01-25 23:00:00
Others,3448.58,2019-01-28 23:00:00
Others,3444.81,2019-01-31 23:00:00
Others,3456.02,2019-02-03 23:00:00
Others,3405.7,2019-02-06 23:00:00
Others,3664.38,2019-02-09 23:00:00
Others,3632.42,2019-02-12 23:00:00
Others,3608.2,2019-02-15 23:00:00
Others,3910.8,2019-02-18 23:00:00
Others,3944.88,2019-02-21 23:00:00
Others,3766.89,2019-02-24 23:00:00
Others,3833.23,2019-02-27 23:00:00
Others,3831.44,2019-03-02 23:00:00
Others,3872.25,2019-03-05 23:00:00
Others,3875.96,2019-03-08 23:00:00
Others,3881.09,2019-03-12 0:00:00
Others,3885.21,2019-03-15 0:00:00
Others,3994.92,2019-03-18 0:00:00
Others,4056.4,2019-03-21 0:00:00
Others,4011.92,2019-03-24 0:00:00
Others,3947.74,2019-03-27 0:00:00
Others,4115.55,2019-03-30 0:00:00
Others,4152.53,2019-04-02 0:00:00
Others,4911.24,2019-04-05 0:00:00
Others,5189.39,2019-04-08 0:00:00
Others,5310.18,2019-04-11 0:00:00
Others,5064.62,2019-04-14 0:00:00
Others,5196.65,2019-04-17 0:00:00
Others,5277.04,2019-04-20 0:00:00
Others,5377.19,2019-04-23 0:00:00
Others,5195.61,2019-04-26 0:00:00
Others,5301.29,2019-04-29 0:00:00
Others,5326.67,2019-05-02 0:00:00
Others,5771.08,2019-05-05 0:00:00
Others,5755.72,2019-05-08 0:00:00
Others,6348.02,2019-05-11 0:00:00
Others,7823.11,2019-05-14 0:00:00
Others,7885.96,2019-05-17 0:00:00
Others,8193.7,2019-05-20 0:00:00
Others,7625.93,2019-05-23 0:00:00
Others,8071.45,2019-05-26 0:00:00
Others,8719.88,2019-05-29 0:00:00
Others,8553.81,2019-06-01 0:00:00
Others,8134.92,2019-06-04 0:00:00
Others,7803.23,2019-06-07 0:00:00
Others,7640.61,2019-06-10 0:00:00
Others,8173.06,2019-06-13 0:00:00
Others,8859.47,2019-06-16 0:00:00
Others,9076.18,2019-06-19 0:00:00
Others,10209.38,2019-06-22 0:00:00
Others,11017.5,2019-06-25 0:00:00
Others,11132.85,2019-06-28 0:00:00
Others,10737.73,2019-07-01 0:00:00
Others,11984.76,2019-07-04 0:00:00
Others,11232.04,2019-07-07 0:00:00
Others,12586.78,2019-07-10 0:00:00
Others,11803.97,2019-07-13 0:00:00
Others,10873.5,2019-07-16 0:00:00
Others,10638.56,2019-07-19 0:00:00
Others,10587.41,2019-07-22 0:00:00
Others,9772.17,2019-07-25 0:00:00
Others,9473.99,2019-07-28 0:00:00
Others,9589.13,2019-07-31 0:00:00
Others,10529.55,2019-08-03 0:00:00
Others,11787.99,2019-08-06 0:00:00
Others,11996.41,2019-08-09 0:00:00
Others,11566.84,2019-08-12 0:00:00
Others,10016.96,2019-08-15 0:00:00
Others,10214.52,2019-08-18 0:00:00
Others,10760.56,2019-08-21 0:00:00
Others,10405.81,2019-08-24 0:00:00
Others,10360.28,2019-08-27 0:00:00
Others,9484.55,2019-08-30 0:00:00
Others,9769.79,2019-09-02 0:00:00
Others,10584.16,2019-09-05 0:00:00
Others,10487.21,2019-09-08 0:00:00
Others,10101.03,2019-09-11 0:00:00
Others,10363.9,2019-09-14 0:00:00
Others,10265.63,2019-09-17 0:00:00
Others,10275.88,2019-09-20 0:00:00
Others,10033.05,2019-09-23 0:00:00
Others,8432.23,2019-09-26 0:00:00
Others,8225,2019-09-29 0:00:00
Others,8322.92,2019-10-02 0:00:00
Others,8155.48,2019-10-05 0:00:00
Others,8212.02,2019-10-08 0:00:00
Others,8586.9,2019-10-11 0:00:00
Others,8283.76,2019-10-14 0:00:00
Others,8002.51,2019-10-17 0:00:00
Others,7960.04,2019-10-20 0:00:00
Others,8026.76,2019-10-23 0:00:00
Others,8666.79,2019-10-26 0:00:00
Others,9218.76,2019-10-29 0:00:00
Others,9147.98,2019-11-01 0:00:00
Others,9206.16,2019-11-03 23:00:00
Others,9343.34,2019-11-06 23:00:00
Others,8809.41,2019-11-09 23:00:00
Others,8801.52,2019-11-12 23:00:00
Others,8457.69,2019-11-15 23:00:00
Others,8175.99,2019-11-18 23:00:00
Others,7617.07,2019-11-21 23:00:00
Others,6907.4,2019-11-24 23:00:00
Others,7523.83,2019-11-27 23:00:00
Others,7557.72,2019-11-30 23:00:00
Others,7296.77,2019-12-03 23:00:00
Others,7547.19,2019-12-06 23:00:00
Others,7337.42,2019-12-09 23:00:00
Others,7189.16,2019-12-12 23:00:00
Others,7111.14,2019-12-15 23:00:00
Others,7284.29,2019-12-18 23:00:00
Others,7143.2,2019-12-21 23:00:00
Others,7250.69,2019-12-24 23:00:00
Others,7243.93,2019-12-27 23:00:00
Others,7219.6,2019-12-30 23:00:00
Others,6944.33,2020-01-02 23:00:00
Others,7351.57,2020-01-05 23:00:00
Others,8042.65,2020-01-08 23:00:00
Others,8021.49,2020-01-11 23:00:00
Others,8842.42,2020-01-14 23:00:00
Others,8900.34,2020-01-17 23:00:00
Others,8626.47,2020-01-20 23:00:00
Others,8388.11,2020-01-23 23:00:00
Others,8588.42,2020-01-26 23:00:00
Others,9279.81,2020-01-29 23:00:00
Others,9378.09,2020-02-01 23:00:00
Others,9162.14,2020-02-04 23:00:00
Others,9807.54,2020-02-07 23:00:00
Others,9854.79,2020-02-10 23:00:00
Others,10242.43,2020-02-13 23:00:00
Others,9937.67,2020-02-16 23:00:00
Others,9604.72,2020-02-19 23:00:00
Others,9669.63,2020-02-22 23:00:00
Others,9309.15,2020-02-25 23:00:00
Others,8712.35,2020-02-28 23:00:00
Others,8912.82,2020-03-02 23:00:00
Others,9067.39,2020-03-05 23:00:00
Others,8039.38,2020-03-09 0:00:00
Others,7936.65,2020-03-12 0:00:00
Others,5166.26,2020-03-15 0:00:00
Others,5357.61,2020-03-18 0:00:00
Others,6226.44,2020-03-21 0:00:00
Others,6502.16,2020-03-24 0:00:00
Others,6763.75,2020-03-27 0:00:00
Others,5885.41,2020-03-30 0:00:00
Others,6652.87,2020-04-02 0:00:00
Others,6871.69,2020-04-05 0:00:00
Others,7205.55,2020-04-08 0:00:00
Others,6873.24,2020-04-11 0:00:00
Others,6857.66,2020-04-14 0:00:00
Others,7112.27,2020-04-17 0:00:00
Others,7130.04,2020-04-20 0:00:00
Others,7130.99,2020-04-23 0:00:00
Others,7549.52,2020-04-26 0:00:00
Others,7765.33,2020-04-29 0:00:00
Others,8824.66,2020-05-02 0:00:00
Others,8885.93,2020-05-05 0:00:00
Others,10002.48,2020-05-08 0:00:00
Others,8754.46,2020-05-11 0:00:00
Others,9305.93,2020-05-14 0:00:00
Others,9385.7,2020-05-17 0:00:00
Others,9785.74,2020-05-20 0:00:00
Others,9167.26,2020-05-23 0:00:00
Others,8899.66,2020-05-26 0:00:00
Others,9569.21,2020-05-29 0:00:00
Others,9450.84,2020-06-01 0:00:00
Others,9658.04,2020-06-04 0:00:00
Others,9670.43,2020-06-07 0:00:00
Others,9775.15,2020-06-10 0:00:00
Others,9459.97,2020-06-13 0:00:00
Others,9426.7,2020-06-16 0:00:00
Others,9380.03,2020-06-19 0:00:00
Others,9284.78,2020-06-22 0:00:00
Others,9276.58,2020-06-25 0:00:00
Others,9004.23,2020-06-28 0:00:00
Others,9133.97,2020-07-01 0:00:00
Others,9072.42,2020-07-04 0:00:00
Others,9348.91,2020-07-07 0:00:00
Others,9238.04,2020-07-10 0:00:00
Others,9295.9,2020-07-13 0:00:00
Others,9193.51,2020-07-16 0:00:00
Others,9174.71,2020-07-19 0:00:00
Others,9392.66,2020-07-22 0:00:00
Others,9551.28,2020-07-25 0:00:00
Others,11042.4,2020-07-28 0:00:00
Others,11114.93,2020-07-31 0:00:00
Others,11077.77,2020-08-03 0:00:00
Others,11750.28,2020-08-06 0:00:00
Others,11767.6,2020-08-09 0:00:00
Others,11392.43,2020-08-12 0:00:00
Others,11774.38,2020-08-15 0:00:00
Others,12293.72,2020-08-18 0:00:00
Others,11865.82,2020-08-21 0:00:00
Others,11653.02,2020-08-24 0:00:00
Others,11467.37,2020-08-27 0:00:00
Others,11481.64,2020-08-30 0:00:00
Others,11923.25,2020-09-02 0:00:00
Others,10467.89,2020-09-05 0:00:00
Others,10367.74,2020-09-08 0:00:00
Others,10352.66,2020-09-11 0:00:00
Others,10330.77,2020-09-14 0:00:00
Others,10948.43,2020-09-17 0:00:00
Others,11081.43,2020-09-20 0:00:00
Others,10532.22,2020-09-23 0:00:00
Others,10692.84,2020-09-26 0:00:00
Others,10692.33,2020-09-29 0:00:00
Others,10619.24,2020-10-02 0:00:00
Others,10673.46,2020-10-05 0:00:00
Others,10670.8,2020-10-08 0:00:00
Others,11302.67,2020-10-11 0:00:00
Others,11428.24,2020-10-14 0:00:00
Others,11327.57,2020-10-17 0:00:00
Others,11758.16,2020-10-20 0:00:00
Others,12990.25,2020-10-23 0:00:00
Others,13036.77,2020-10-26 0:00:00
Others,13289,2020-10-29 0:00:00
Others,13810.32,2020-11-01 0:00:00
Others,14023.31,2020-11-03 23:00:00
Others,15595.77,2020-11-06 23:00:00
Others,15328.53,2020-11-09 23:00:00
Others,16295.57,2020-11-12 23:00:00
Others,15968.16,2020-11-15 23:00:00
Others,17798.45,2020-11-18 23:00:00
Others,18699.75,2020-11-21 23:00:00
Others,19172.52,2020-11-24 23:00:00
Others,17138.87,2020-11-27 23:00:00
Others,19709.73,2020-11-30 23:00:00
Others,19454.54,2020-12-03 23:00:00
Others,19377.66,2020-12-06 23:00:00
Others,18554.15,2020-12-09 23:00:00
Others,18803.44,2020-12-12 23:00:00
Others,19439.75,2020-12-15 23:00:00
Others,23150.79,2020-12-18 23:00:00
Others,22745.48,2020-12-21 23:00:00
Others,23715.53,2020-12-24 23:00:00
Others,26246.58,2020-12-27 23:00:00
Others,28856.59,2020-12-30 23:00:00
Others,32195.46,2021-01-02 23:00:00
Others,34046.67,2021-01-05 23:00:00
Others,40670.25,2021-01-08 23:00:00
Others,35544.94,2021-01-11 23:00:00
Others,39158.47,2021-01-14 23:00:00
Others,35793.01,2021-01-17 23:00:00
Others,35538.98,2021-01-20 23:00:00
Others,32099.74,2021-01-23 23:00:00
Others,32541.8,2021-01-26 23:00:00
Others,34314.26,2021-01-29 23:00:00
Others,33522.9,2021-02-01 23:00:00
Others,37002.09,2021-02-04 23:00:00
Others,38928.1,2021-02-07 23:00:00
Others,44878.17,2021-02-10 23:00:00
Others,47185.19,2021-02-13 23:00:00
Others,49160.1,2021-02-16 23:00:00
Others,55916.5,2021-02-19 23:00:00
Others,54123.4,2021-02-22 23:00:00
Others,46800.42,2021-02-25 23:00:00
Others,45113.92,2021-02-28 23:00:00
Others,50477.7,2021-03-03 23:00:00
Others,48881.59,2021-03-06 23:00:00
Others,54881.52,2021-03-09 23:00:00
Others,57253.28,2021-03-12 23:00:00
Others,55754.72,2021-03-16 0:00:00
Others,57665.9,2021-03-19 0:00:00
Others,57411.17,2021-03-22 0:00:00
Others,52508.23,2021-03-25 0:00:00
Others,55863.93,2021-03-28 0:00:00
Others,58730.13,2021-03-31 0:00:00
Others,59031.32,2021-04-03 0:00:00
Others,59054.1,2021-04-06 0:00:00
Others,58048.59,2021-04-09 0:00:00